category,entities,entityType
2026,44,Products
Business Analyst,6,Products
CRM Declarative Development,4,Products
Career Development & Interview Prep,7,Products
Career Spotlight Series,2,Products
Courses,36,Products
Cybersecurity,2,Products
Data Analytics,7,Products
Hubspot,7,Products
Info session,6,Products
Interview Prep,8,Products
Live Classes,42,Products
Membership,5,Products
Mentorship,8,Products
Programs,7,Products
Project Development,10,Products
Project Sessions,4,Products
Salesforce Admin,11,Products
Salesforce Experience Cloud,3,Products
Salesforce Flow,2,Products
Salesforce Service Cloud,4,Products
2025,8,Courses
2026,38,Courses
AI,2,Courses
Babskenky,6,Courses
Business Analyst,10,Courses
Career Spotlight Series,1,Courses
Courses,43,Courses
Cybersecurity,3,Courses
Data Analytics,11,Courses
Data science,4,Courses
Dipo Ojo,2,Courses
Hubspot,5,Courses
Info session,2,Courses
Interview Prep,6,Courses
Live Classes,35,Courses
Malik,8,Courses
Mentorship,4,Courses
Niloy,1,Courses
Ogenna,1,Courses
Ola B,5,Courses
Programs,1,Courses
Project Development,2,Courses
Project Sessions,3,Courses
Qahhar,8,Courses
Salesforce Admin,14,Courses
Salesforce Administration,2,Courses
Salesforce Experience Cloud,3,Courses
Salesforce Flow,8,Courses
Salesforce Sales Cloud,3,Courses
Salesforce Service Cloud,4,Courses
Salesforce marketing cloud,2,Courses
Seyi,9,Courses
Triple Play Series,1,Courses
2026,7,Programs
AI,1,Programs
Business Analyst,1,Programs
Cybersecurity,1,Programs
Data Analytics,2,Programs
Hubspot,1,Programs
Interview Prep,1,Programs
Live Classes,8,Programs
Malik,2,Programs
Programs,8,Programs
Project Development,1,Programs
Project Sessions,1,Programs
Qahhar,2,Programs
Salesforce Admin,1,Programs
Salesforce Administration,1,Programs
Salesforce Experience Cloud,1,Programs
Salesforce Flow,1,Programs
Salesforce Service Cloud,1,Programs
Seyi,2,Programs
US/Canada Government Job,1,Programs
